{
  "package_name": "0723_kt_mt_learning_res",
  "model_file": "best.pt",
  "model_family": "YOLO26n",
  "task": "detect",
  "classes": {
    "0": "fire",
    "1": "smoke"
  },
  "training": {
    "epochs": 30,
    "best_epoch": 29,
    "imgsz": 1280,
    "batch": 2,
    "freeze": 11,
    "train_images": 1120,
    "validation_images": 140,
    "test_images": 140
  },
  "test_metrics": {
    "precision": 0.6605564336,
    "recall": 0.4652014652,
    "map50": 0.5419400262,
    "map50_95": 0.2890788718,
    "fire_map50_95": 0.4503842645,
    "smoke_map50_95": 0.127773479
  },
  "sha256": "7F00D45AB1E3272EE73BA1803FE87CAFF20B30EBEC1F3432FC88FAAAE551123B"
}
